<?xml version="1.0" encoding="utf-8"?>
<edmx:Edmx Version="4.0" xmlns:edmx="http://docs.oasis-open.org/odata/ns/edmx">
  <edmx:Reference Uri="https://oasis-tcs.github.io/odata-vocabularies/vocabularies/Org.OData.Capabilities.V1.xml">
    <edmx:Include Alias="Capabilities" Namespace="Org.OData.Capabilities.V1"/>
  </edmx:Reference>
  <edmx:Reference Uri="https://sap.github.io/odata-vocabularies/vocabularies/Common.xml">
    <edmx:Include Alias="Common" Namespace="com.sap.vocabularies.Common.v1"/>
  </edmx:Reference>
  <edmx:Reference Uri="https://oasis-tcs.github.io/odata-vocabularies/vocabularies/Org.OData.Core.V1.xml">
    <edmx:Include Alias="Core" Namespace="Org.OData.Core.V1"/>
  </edmx:Reference>
  <edmx:Reference Uri="https://oasis-tcs.github.io/odata-vocabularies/vocabularies/Org.OData.Validation.V1.xml">
    <edmx:Include Alias="Validation" Namespace="Org.OData.Validation.V1"/>
  </edmx:Reference>
  <edmx:DataServices>
    <Schema Namespace="ConverterService" xmlns="http://docs.oasis-open.org/odata/ns/edm">
      <EntityContainer Name="EntityContainer">
        <EntitySet Name="Transactions" EntityType="ConverterService.Transactions">
          <NavigationPropertyBinding Path="account" Target="Accounts"/>
          <NavigationPropertyBinding Path="mcc" Target="MCC"/>
        </EntitySet>
        <EntitySet Name="AccountHabits" EntityType="ConverterService.AccountHabits">
          <NavigationPropertyBinding Path="account" Target="Accounts"/>
          <NavigationPropertyBinding Path="habit" Target="Habits"/>
          <NavigationPropertyBinding Path="transaction" Target="Transactions"/>
        </EntitySet>
        <EntitySet Name="Accounts" EntityType="ConverterService.Accounts">
          <NavigationPropertyBinding Path="transactions" Target="Transactions"/>
          <NavigationPropertyBinding Path="challenges" Target="ChallengesUsers"/>
          <NavigationPropertyBinding Path="habits" Target="AccountHabits"/>
        </EntitySet>
        <EntitySet Name="Habits" EntityType="ConverterService.Habits">
          <NavigationPropertyBinding Path="habitCategory" Target="HabitCategories"/>
        </EntitySet>
        <EntitySet Name="Challenges" EntityType="ConverterService.Challenges">
          <NavigationPropertyBinding Path="mcc" Target="MCC"/>
        </EntitySet>
        <EntitySet Name="ChallengesUsers" EntityType="ConverterService.ChallengesUsers">
          <NavigationPropertyBinding Path="account" Target="Accounts"/>
          <NavigationPropertyBinding Path="challenge" Target="Challenges"/>
        </EntitySet>
        <EntitySet Name="Categories" EntityType="ConverterService.Categories">
          <NavigationPropertyBinding Path="mccs" Target="MCC"/>
        </EntitySet>
        <EntitySet Name="MCC" EntityType="ConverterService.MCC">
          <NavigationPropertyBinding Path="category" Target="Categories"/>
        </EntitySet>
        <EntitySet Name="HabitCategories" EntityType="ConverterService.HabitCategories">
          <NavigationPropertyBinding Path="options" Target="Habits"/>
          <NavigationPropertyBinding Path="mccs" Target="HabitCategoriesMCC"/>
        </EntitySet>
        <EntitySet Name="Equivalencies" EntityType="ConverterService.Equivalencies"/>
        <EntitySet Name="ISuggestion" EntityType="ConverterService.ISuggestion"/>
        <EntitySet Name="IMonthlyCO2" EntityType="ConverterService.IMonthlyCO2"/>
        <EntitySet Name="ICategorizedCO2" EntityType="ConverterService.ICategorizedCO2"/>
        <EntitySet Name="IHabitSummary" EntityType="ConverterService.IHabitSummary"/>
        <EntitySet Name="GPTAnswer" EntityType="ConverterService.GPTAnswer"/>
        <EntitySet Name="HabitCategoriesMCC" EntityType="ConverterService.HabitCategoriesMCC">
          <NavigationPropertyBinding Path="habitCategory" Target="HabitCategories"/>
          <NavigationPropertyBinding Path="mcc" Target="MCC"/>
        </EntitySet>
        <FunctionImport Name="getEquivalencies" Function="ConverterService.getEquivalencies" EntitySet="Equivalencies"/>
        <FunctionImport Name="getAccountData" Function="ConverterService.getAccountData" EntitySet="Accounts"/>
        <ActionImport Name="aiProxy" Action="ConverterService.aiProxy" EntitySet="GPTAnswer"/>
        <ActionImport Name="generateSuggestions" Action="ConverterService.generateSuggestions" EntitySet="ISuggestion"/>
        <ActionImport Name="generateCategorizedSummary" Action="ConverterService.generateCategorizedSummary" EntitySet="GPTAnswer"/>
        <ActionImport Name="generateHistoricalSummary" Action="ConverterService.generateHistoricalSummary" EntitySet="GPTAnswer"/>
        <ActionImport Name="askForComposition" Action="ConverterService.askForComposition" EntitySet="GPTAnswer"/>
        <ActionImport Name="askForGreenContract" Action="ConverterService.askForGreenContract" EntitySet="GPTAnswer"/>
        <ActionImport Name="askForChallengeBenefits" Action="ConverterService.askForChallengeBenefits" EntitySet="GPTAnswer"/>
        <ActionImport Name="askForHabitRecommendation" Action="ConverterService.askForHabitRecommendation" EntitySet="GPTAnswer"/>
        <ActionImport Name="startChallenge" Action="ConverterService.startChallenge"/>
        <ActionImport Name="cancelChallenge" Action="ConverterService.cancelChallenge"/>
        <ActionImport Name="completeChallenge" Action="ConverterService.completeChallenge"/>
        <ActionImport Name="setHabit" Action="ConverterService.setHabit"/>
      </EntityContainer>
      <EntityType Name="Transactions">
        <Key>
          <PropertyRef Name="ID"/>
        </Key>
        <Property Name="ID" Type="Edm.Guid" Nullable="false"/>
        <NavigationProperty Name="account" Type="ConverterService.Accounts" Partner="transactions">
          <ReferentialConstraint Property="account_ID" ReferencedProperty="ID"/>
        </NavigationProperty>
        <Property Name="account_ID" Type="Edm.Guid"/>
        <Property Name="currency" Type="Edm.String"/>
        <Property Name="amount" Type="Edm.Double"/>
        <Property Name="date" Type="Edm.DateTimeOffset" Precision="7"/>
        <Property Name="description" Type="Edm.String"/>
        <NavigationProperty Name="mcc" Type="ConverterService.MCC">
          <ReferentialConstraint Property="mcc_ID" ReferencedProperty="ID"/>
        </NavigationProperty>
        <Property Name="mcc_ID" Type="Edm.Guid"/>
        <Property Name="CO2Score" Type="Edm.Double"/>
      </EntityType>
      <EntityType Name="AccountHabits">
        <Key>
          <PropertyRef Name="ID"/>
        </Key>
        <Property Name="ID" Type="Edm.Guid" Nullable="false"/>
        <NavigationProperty Name="account" Type="ConverterService.Accounts" Partner="habits">
          <ReferentialConstraint Property="account_ID" ReferencedProperty="ID"/>
        </NavigationProperty>
        <Property Name="account_ID" Type="Edm.Guid"/>
        <NavigationProperty Name="habit" Type="ConverterService.Habits">
          <ReferentialConstraint Property="habit_ID" ReferencedProperty="ID"/>
        </NavigationProperty>
        <Property Name="habit_ID" Type="Edm.Guid"/>
        <NavigationProperty Name="transaction" Type="ConverterService.Transactions">
          <ReferentialConstraint Property="transaction_ID" ReferencedProperty="ID"/>
        </NavigationProperty>
        <Property Name="transaction_ID" Type="Edm.Guid"/>
      </EntityType>
      <EntityType Name="Accounts">
        <Key>
          <PropertyRef Name="ID"/>
        </Key>
        <Property Name="ID" Type="Edm.Guid" Nullable="false"/>
        <Property Name="name" Type="Edm.String"/>
        <NavigationProperty Name="transactions" Type="Collection(ConverterService.Transactions)" Partner="account">
          <OnDelete Action="Cascade"/>
        </NavigationProperty>
        <NavigationProperty Name="challenges" Type="Collection(ConverterService.ChallengesUsers)" Partner="account">
          <OnDelete Action="Cascade"/>
        </NavigationProperty>
        <NavigationProperty Name="habits" Type="Collection(ConverterService.AccountHabits)" Partner="account">
          <OnDelete Action="Cascade"/>
        </NavigationProperty>
      </EntityType>
      <EntityType Name="Habits">
        <Key>
          <PropertyRef Name="ID"/>
        </Key>
        <Property Name="ID" Type="Edm.Guid" Nullable="false"/>
        <NavigationProperty Name="habitCategory" Type="ConverterService.HabitCategories" Partner="options">
          <ReferentialConstraint Property="habitCategory_ID" ReferencedProperty="ID"/>
        </NavigationProperty>
        <Property Name="habitCategory_ID" Type="Edm.Guid"/>
        <Property Name="code" Type="Edm.String"/>
        <Property Name="tag" Type="Edm.String"/>
        <Property Name="option" Type="Edm.String"/>
        <Property Name="additionalInformation" Type="Edm.String"/>
        <Property Name="factor" Type="Edm.Double"/>
        <Property Name="default" Type="Edm.Boolean"/>
      </EntityType>
      <EntityType Name="Challenges">
        <Key>
          <PropertyRef Name="ID"/>
        </Key>
        <Property Name="ID" Type="Edm.Guid" Nullable="false"/>
        <Property Name="title" Type="Edm.String"/>
        <Property Name="description" Type="Edm.String"/>
        <Property Name="icon" Type="Edm.String"/>
        <Property Name="category" Type="Edm.String"/>
        <NavigationProperty Name="mcc" Type="ConverterService.MCC">
          <ReferentialConstraint Property="mcc_ID" ReferencedProperty="ID"/>
        </NavigationProperty>
        <Property Name="mcc_ID" Type="Edm.Guid"/>
        <Property Name="daysToMark" Type="Edm.Int32"/>
        <Property Name="avoidableEmissionsPerDay" Type="Edm.Double"/>
      </EntityType>
      <EntityType Name="ChallengesUsers">
        <Key>
          <PropertyRef Name="ID"/>
        </Key>
        <Property Name="ID" Type="Edm.Guid" Nullable="false"/>
        <NavigationProperty Name="account" Type="ConverterService.Accounts" Partner="challenges">
          <ReferentialConstraint Property="account_ID" ReferencedProperty="ID"/>
        </NavigationProperty>
        <Property Name="account_ID" Type="Edm.Guid"/>
        <NavigationProperty Name="challenge" Type="ConverterService.Challenges">
          <ReferentialConstraint Property="challenge_ID" ReferencedProperty="ID"/>
        </NavigationProperty>
        <Property Name="challenge_ID" Type="Edm.Guid"/>
        <Property Name="startDate" Type="Edm.Date"/>
        <Property Name="dueDate" Type="Edm.Date"/>
        <Property Name="markedDates" Type="Collection(Edm.Date)" Nullable="false"/>
        <Property Name="isCompleted" Type="Edm.Boolean"/>
      </EntityType>
      <EntityType Name="Categories">
        <Key>
          <PropertyRef Name="ID"/>
        </Key>
        <Property Name="ID" Type="Edm.Guid" Nullable="false"/>
        <Property Name="description" Type="Edm.String"/>
        <Property Name="icon" Type="Edm.String"/>
        <NavigationProperty Name="mccs" Type="Collection(ConverterService.MCC)" Partner="category">
          <OnDelete Action="Cascade"/>
        </NavigationProperty>
      </EntityType>
      <EntityType Name="MCC">
        <Key>
          <PropertyRef Name="ID"/>
        </Key>
        <Property Name="ID" Type="Edm.Guid" Nullable="false"/>
        <Property Name="MCC" Type="Edm.String"/>
        <Property Name="description" Type="Edm.String"/>
        <Property Name="factor" Type="Edm.Double"/>
        <NavigationProperty Name="category" Type="ConverterService.Categories" Partner="mccs">
          <ReferentialConstraint Property="category_ID" ReferencedProperty="ID"/>
        </NavigationProperty>
        <Property Name="category_ID" Type="Edm.Guid"/>
      </EntityType>
      <EntityType Name="HabitCategories">
        <Key>
          <PropertyRef Name="ID"/>
        </Key>
        <Property Name="ID" Type="Edm.Guid" Nullable="false"/>
        <Property Name="question" Type="Edm.String"/>
        <Property Name="additionalInformation" Type="Edm.String"/>
        <NavigationProperty Name="options" Type="Collection(ConverterService.Habits)" Partner="habitCategory"/>
        <NavigationProperty Name="mccs" Type="Collection(ConverterService.HabitCategoriesMCC)" Partner="habitCategory">
          <OnDelete Action="Cascade"/>
        </NavigationProperty>
        <Property Name="icon" Type="Edm.String"/>
        <Property Name="category" Type="Edm.String"/>
      </EntityType>
      <EntityType Name="Equivalencies">
        <Key>
          <PropertyRef Name="ID"/>
        </Key>
        <Property Name="ID" Type="Edm.Guid" Nullable="false"/>
        <Property Name="vegan" Type="Edm.Boolean"/>
        <Property Name="bucket" Type="Edm.String"/>
        <Property Name="co2PerKg" Type="Edm.Double"/>
        <Property Name="activity" Type="Edm.String"/>
        <Property Name="description" Type="Edm.String"/>
        <Property Name="image" Type="Edm.String"/>
        <Property Name="amount" Type="Edm.Int32" DefaultValue="-1"/>
      </EntityType>
      <EntityType Name="ISuggestion">
        <Property Name="title" Type="Edm.String"/>
        <Property Name="description" Type="Edm.String"/>
      </EntityType>
      <EntityType Name="IMonthlyCO2">
        <Property Name="year" Type="Edm.String"/>
        <Property Name="month" Type="Edm.String"/>
        <Property Name="co2" Type="Edm.Double"/>
      </EntityType>
      <EntityType Name="ICategorizedCO2">
        <Property Name="category" Type="Edm.String"/>
        <Property Name="co2" Type="Edm.Double"/>
      </EntityType>
      <EntityType Name="IHabitSummary">
        <Property Name="option" Type="Edm.String"/>
        <Property Name="context" Type="Edm.String"/>
        <Property Name="factor" Type="Edm.Double"/>
      </EntityType>
      <EntityType Name="GPTAnswer">
        <Property Name="text" Type="Edm.String"/>
      </EntityType>
      <EntityType Name="HabitCategoriesMCC">
        <Key>
          <PropertyRef Name="habitCategory_ID"/>
          <PropertyRef Name="mcc_ID"/>
        </Key>
        <NavigationProperty Name="habitCategory" Type="ConverterService.HabitCategories" Partner="mccs">
          <ReferentialConstraint Property="habitCategory_ID" ReferencedProperty="ID"/>
        </NavigationProperty>
        <Property Name="habitCategory_ID" Type="Edm.Guid" Nullable="false"/>
        <NavigationProperty Name="mcc" Type="ConverterService.MCC">
          <ReferentialConstraint Property="mcc_ID" ReferencedProperty="ID"/>
        </NavigationProperty>
        <Property Name="mcc_ID" Type="Edm.Guid" Nullable="false"/>
      </EntityType>
      <ComplexType Name="return_ConverterService_startChallenge">
        <Property Name="challengeId" Type="Edm.String"/>
      </ComplexType>
      <Function Name="getEquivalencies" IsBound="false" IsComposable="false">
        <Parameter Name="co2" Type="Edm.Int32"/>
        <Parameter Name="account" Type="Edm.Guid"/>
        <ReturnType Type="Collection(ConverterService.Equivalencies)" Nullable="false"/>
      </Function>
      <Function Name="getAccountData" IsBound="false" IsComposable="false">
        <Parameter Name="account" Type="Edm.Guid"/>
        <ReturnType Type="ConverterService.Accounts"/>
      </Function>
      <Action Name="aiProxy" IsBound="false">
        <Parameter Name="prompt" Type="Edm.String"/>
        <ReturnType Type="ConverterService.GPTAnswer"/>
      </Action>
      <Action Name="generateSuggestions" IsBound="false">
        <Parameter Name="category" Type="Edm.String"/>
        <Parameter Name="spendings" Type="Edm.Double"/>
        <Parameter Name="CO2Score" Type="Edm.Double"/>
        <Parameter Name="amountOfTransactions" Type="Edm.Double"/>
        <ReturnType Type="Collection(ConverterService.ISuggestion)" Nullable="false"/>
      </Action>
      <Action Name="generateCategorizedSummary" IsBound="false">
        <Parameter Name="categorizedSummary" Type="Collection(ConverterService.ICategorizedCO2)" Nullable="false"/>
        <ReturnType Type="ConverterService.GPTAnswer"/>
      </Action>
      <Action Name="generateHistoricalSummary" IsBound="false">
        <Parameter Name="historicalSummary" Type="Collection(ConverterService.IMonthlyCO2)" Nullable="false"/>
        <ReturnType Type="ConverterService.GPTAnswer"/>
      </Action>
      <Action Name="askForComposition" IsBound="false">
        <Parameter Name="name" Type="Edm.String"/>
        <Parameter Name="contract" Type="Edm.String"/>
        <Parameter Name="address" Type="Edm.String"/>
        <Parameter Name="provider" Type="Edm.String"/>
        <ReturnType Type="ConverterService.GPTAnswer"/>
      </Action>
      <Action Name="askForGreenContract" IsBound="false">
        <Parameter Name="name" Type="Edm.String"/>
        <Parameter Name="contract" Type="Edm.String"/>
        <Parameter Name="address" Type="Edm.String"/>
        <Parameter Name="provider" Type="Edm.String"/>
        <ReturnType Type="ConverterService.GPTAnswer"/>
      </Action>
      <Action Name="askForChallengeBenefits" IsBound="false">
        <Parameter Name="title" Type="Edm.String"/>
        <Parameter Name="description" Type="Edm.String"/>
        <Parameter Name="avoidableEmissionsPerDay" Type="Edm.String"/>
        <ReturnType Type="ConverterService.GPTAnswer"/>
      </Action>
      <Action Name="askForHabitRecommendation" IsBound="false">
        <Parameter Name="question" Type="Edm.String"/>
        <Parameter Name="currentHabit" Type="Edm.String"/>
        <Parameter Name="habitSummaries" Type="Collection(ConverterService.IHabitSummary)" Nullable="false"/>
        <ReturnType Type="ConverterService.GPTAnswer"/>
      </Action>
      <Action Name="startChallenge" IsBound="false">
        <Parameter Name="account" Type="Edm.String"/>
        <Parameter Name="challengeId" Type="Edm.Guid"/>
        <ReturnType Type="ConverterService.return_ConverterService_startChallenge"/>
      </Action>
      <Action Name="cancelChallenge" IsBound="false">
        <Parameter Name="id" Type="Edm.Guid"/>
      </Action>
      <Action Name="completeChallenge" IsBound="false">
        <Parameter Name="id" Type="Edm.Guid"/>
      </Action>
      <Action Name="setHabit" IsBound="false">
        <Parameter Name="account" Type="Edm.String"/>
        <Parameter Name="habitCategory" Type="Edm.String"/>
        <Parameter Name="habit" Type="Edm.String"/>
        <Parameter Name="transaction" Type="Edm.String"/>
      </Action>
      <Annotations Target="ConverterService.Transactions/CO2Score">
        <Annotation Term="Core.Computed" Bool="true"/>
      </Annotations>
      <Annotations Target="ConverterService.Habits/code">
        <Annotation Term="Validation.AllowedValues">
          <Collection>
            <Record Type="Validation.AllowedValue">
              <Annotation Term="Core.SymbolicName" String="VEGAN"/>
              <PropertyValue Property="Value" String="VEGAN"/>
            </Record>
            <Record Type="Validation.AllowedValue">
              <Annotation Term="Core.SymbolicName" String="VEGETARIAN"/>
              <PropertyValue Property="Value" String="VEGETARIAN"/>
            </Record>
            <Record Type="Validation.AllowedValue">
              <Annotation Term="Core.SymbolicName" String="PESCATARIAN"/>
              <PropertyValue Property="Value" String="PESCATARIAN"/>
            </Record>
            <Record Type="Validation.AllowedValue">
              <Annotation Term="Core.SymbolicName" String="LOW_MEAT_EATER"/>
              <PropertyValue Property="Value" String="LOW_MEAT_EATER"/>
            </Record>
            <Record Type="Validation.AllowedValue">
              <Annotation Term="Core.SymbolicName" String="DIET_AVERAGE"/>
              <PropertyValue Property="Value" String="DIET_AVERAGE"/>
            </Record>
            <Record Type="Validation.AllowedValue">
              <Annotation Term="Core.SymbolicName" String="HIGH_MEAT_EATER"/>
              <PropertyValue Property="Value" String="HIGH_MEAT_EATER"/>
            </Record>
            <Record Type="Validation.AllowedValue">
              <Annotation Term="Core.SymbolicName" String="DIESEL"/>
              <PropertyValue Property="Value" String="DIESEL"/>
            </Record>
            <Record Type="Validation.AllowedValue">
              <Annotation Term="Core.SymbolicName" String="PETROL"/>
              <PropertyValue Property="Value" String="PETROL"/>
            </Record>
            <Record Type="Validation.AllowedValue">
              <Annotation Term="Core.SymbolicName" String="FOOD"/>
              <PropertyValue Property="Value" String="FOOD"/>
            </Record>
            <Record Type="Validation.AllowedValue">
              <Annotation Term="Core.SymbolicName" String="ELECTRICITY"/>
              <PropertyValue Property="Value" String="ELECTRICITY"/>
            </Record>
            <Record Type="Validation.AllowedValue">
              <Annotation Term="Core.SymbolicName" String="DEFAULT"/>
              <PropertyValue Property="Value" String="DEFAULT"/>
            </Record>
          </Collection>
        </Annotation>
      </Annotations>
      <Annotations Target="ConverterService.EntityContainer/Categories">
        <Annotation Term="Capabilities.DeleteRestrictions">
          <Record Type="Capabilities.DeleteRestrictionsType">
            <PropertyValue Property="Deletable" Bool="false"/>
          </Record>
        </Annotation>
        <Annotation Term="Capabilities.InsertRestrictions">
          <Record Type="Capabilities.InsertRestrictionsType">
            <PropertyValue Property="Insertable" Bool="false"/>
          </Record>
        </Annotation>
        <Annotation Term="Capabilities.UpdateRestrictions">
          <Record Type="Capabilities.UpdateRestrictionsType">
            <PropertyValue Property="Updatable" Bool="false"/>
          </Record>
        </Annotation>
      </Annotations>
      <Annotations Target="ConverterService.EntityContainer/MCC">
        <Annotation Term="Capabilities.DeleteRestrictions">
          <Record Type="Capabilities.DeleteRestrictionsType">
            <PropertyValue Property="Deletable" Bool="false"/>
          </Record>
        </Annotation>
        <Annotation Term="Capabilities.InsertRestrictions">
          <Record Type="Capabilities.InsertRestrictionsType">
            <PropertyValue Property="Insertable" Bool="false"/>
          </Record>
        </Annotation>
        <Annotation Term="Capabilities.UpdateRestrictions">
          <Record Type="Capabilities.UpdateRestrictionsType">
            <PropertyValue Property="Updatable" Bool="false"/>
          </Record>
        </Annotation>
      </Annotations>
      <Annotations Target="ConverterService.EntityContainer/HabitCategories">
        <Annotation Term="Capabilities.DeleteRestrictions">
          <Record Type="Capabilities.DeleteRestrictionsType">
            <PropertyValue Property="Deletable" Bool="false"/>
          </Record>
        </Annotation>
        <Annotation Term="Capabilities.InsertRestrictions">
          <Record Type="Capabilities.InsertRestrictionsType">
            <PropertyValue Property="Insertable" Bool="false"/>
          </Record>
        </Annotation>
        <Annotation Term="Capabilities.UpdateRestrictions">
          <Record Type="Capabilities.UpdateRestrictionsType">
            <PropertyValue Property="Updatable" Bool="false"/>
          </Record>
        </Annotation>
      </Annotations>
      <Annotations Target="ConverterService.EntityContainer/Equivalencies">
        <Annotation Term="Capabilities.DeleteRestrictions">
          <Record Type="Capabilities.DeleteRestrictionsType">
            <PropertyValue Property="Deletable" Bool="false"/>
          </Record>
        </Annotation>
        <Annotation Term="Capabilities.InsertRestrictions">
          <Record Type="Capabilities.InsertRestrictionsType">
            <PropertyValue Property="Insertable" Bool="false"/>
          </Record>
        </Annotation>
        <Annotation Term="Capabilities.UpdateRestrictions">
          <Record Type="Capabilities.UpdateRestrictionsType">
            <PropertyValue Property="Updatable" Bool="false"/>
          </Record>
        </Annotation>
      </Annotations>
      <Annotations Target="ConverterService.Equivalencies/bucket">
        <Annotation Term="Validation.AllowedValues">
          <Collection>
            <Record Type="Validation.AllowedValue">
              <Annotation Term="Core.SymbolicName" String="XS"/>
              <PropertyValue Property="Value" String="XS"/>
            </Record>
            <Record Type="Validation.AllowedValue">
              <Annotation Term="Core.SymbolicName" String="S"/>
              <PropertyValue Property="Value" String="S"/>
            </Record>
            <Record Type="Validation.AllowedValue">
              <Annotation Term="Core.SymbolicName" String="M"/>
              <PropertyValue Property="Value" String="M"/>
            </Record>
            <Record Type="Validation.AllowedValue">
              <Annotation Term="Core.SymbolicName" String="L"/>
              <PropertyValue Property="Value" String="L"/>
            </Record>
            <Record Type="Validation.AllowedValue">
              <Annotation Term="Core.SymbolicName" String="XL"/>
              <PropertyValue Property="Value" String="XL"/>
            </Record>
          </Collection>
        </Annotation>
      </Annotations>
      <Annotations Target="ConverterService.Equivalencies/amount">
        <Annotation Term="Core.Computed" Bool="true"/>
      </Annotations>
    </Schema>
  </edmx:DataServices>
</edmx:Edmx>