{
  "ar": {
    "CreatedBy": "تم الإنشاء بواسطة",
    "CreatedAt": "تاريخ الإنشاء",
    "ChangedBy": "تم التغيير بواسطة",
    "ChangedAt": "تاريخ التغيير",
    "Currency": "العملة",
    "CurrencyCode": "رمز العملة",
    "CurrencyCode.Description": "رمز العملة المحدد حسب ISO 4217",
    "CurrencySymbol": "رمز العملة",
    "CurrencyMinorUnit": "Currency Minor Unit Fractions",
    "Country": "الدولة/المنطقة",
    "CountryCode": "رمز الدولة/المنطقة",
    "CountryCode.Description": "رمز الدولة/المنطقة المحدد حسب ISO 4217",
    "Language": "اللغة",
    "LanguageCode": "رمز اللغة",
    "LanguageCode.Description": "رمز الدولة المحدد حسب ISO 639-1",
    "UserID": "معرف المستخدم",
    "Name": "الاسم",
    "Description": "الوصف",
    "UserID.Description": "معرف المستخدم الفريد",
    "Draft_DraftAdministrativeData": "البيانات الإدارية للمسودة",
    "Draft_DraftUUID": "مسودة (المعرف التقني)",
    "Draft_CreationDateTime": "تاريخ إنشاء المسودة",
    "Draft_CreatedByUser": "منشئ المسودة",
    "Draft_DraftIsCreatedByMe": "تم إنشاء المسودة بواسطتي",
    "Draft_LastChangeDateTime": "تاريخ آخر تغيير للمسودة",
    "Draft_LastChangedByUser": "آخر تغيير للمسودة بواسطة",
    "Draft_InProcessByUser": "المسودة قيد المعالجة بواسطة",
    "Draft_DraftIsProcessedByMe": "المسودة قيد المعالجة بواسطتي"
  },
  "cs": {
    "CreatedBy": "Vytvořil",
    "CreatedAt": "Vytvořeno dne",
    "ChangedBy": "Autor změny",
    "ChangedAt": "Změněno dne",
    "Currency": "Měna",
    "CurrencyCode": "Kód měny",
    "CurrencyCode.Description": "Kód měny zadaný dle ISO 4217",
    "CurrencySymbol": "Symbol měny",
    "CurrencyMinorUnit": "Currency Minor Unit Fractions",
    "Country": "Stát/region",
    "CountryCode": "Kód státu/regionu",
    "CountryCode.Description": "Kód státu/regionu zadaný dle ISO 3166-1",
    "Language": "Jazyk",
    "LanguageCode": "Kód jazyka",
    "LanguageCode.Description": "Kód jazyka zadaný dle ISO 639-1",
    "UserID": "ID uživatele",
    "Name": "Jméno",
    "Description": "Popis",
    "UserID.Description": "Jedinečné ID uživatele",
    "Draft_DraftAdministrativeData": "Správní data návrhu",
    "Draft_DraftUUID": "Návrh (technické ID)",
    "Draft_CreationDateTime": "Návrh vytvořen dne",
    "Draft_CreatedByUser": "Návrh vytvořil",
    "Draft_DraftIsCreatedByMe": "Návrh vytvořen mnou",
    "Draft_LastChangeDateTime": "Návrh naposledy změněn dne",
    "Draft_LastChangedByUser": "Návrh naposledy změnil",
    "Draft_InProcessByUser": "Návrh zpracovává",
    "Draft_DraftIsProcessedByMe": "Návrh zpracovávaný mnou"
  },
  "da": {
    "CreatedBy": "Oprettet af",
    "CreatedAt": "Oprettet den",
    "ChangedBy": "Ændret af",
    "ChangedAt": "Ændret den",
    "Currency": "Valuta",
    "CurrencyCode": "Valutakode",
    "CurrencyCode.Description": "Valutakode som angivet af ISO 4217",
    "CurrencySymbol": "Valutasymbol",
    "CurrencyMinorUnit": "Currency Minor Unit Fractions",
    "Country": "Land/region",
    "CountryCode": "Lande-/regionskode",
    "CountryCode.Description": "Lande-/regionskode som angivet af ISO 3166-1",
    "Language": "Sprog",
    "LanguageCode": "Sprogkode",
    "LanguageCode.Description": "Sprogkode som angivet af ISO 639-1",
    "UserID": "Bruger-ID",
    "Name": "Navn",
    "Description": "Beskrivelse",
    "UserID.Description": "Brugers entydige ID",
    "Draft_DraftAdministrativeData": "Udkast administrationsdata",
    "Draft_DraftUUID": "Udkast (teknisk ID)",
    "Draft_CreationDateTime": "Udkast oprettet den",
    "Draft_CreatedByUser": "Udkast oprettet af",
    "Draft_DraftIsCreatedByMe": "Udkast oprettet af mig",
    "Draft_LastChangeDateTime": "Udkast senest ændret den",
    "Draft_LastChangedByUser": "Udkast senest ændret af",
    "Draft_InProcessByUser": "Udkast behandles af",
    "Draft_DraftIsProcessedByMe": "Udkast behandles af mig"
  },
  "de": {
    "CreatedBy": "Angelegt von",
    "CreatedAt": "Angelegt am",
    "ChangedBy": "Geändert von",
    "ChangedAt": "Geändert am",
    "Currency": "Währung",
    "CurrencyCode": "Währungscode",
    "CurrencyCode.Description": "Währungscode gemäß ISO 4217",
    "CurrencySymbol": "Währungssymbol",
    "CurrencyMinorUnit": "Currency Minor Unit Fractions",
    "Country": "Land/Region",
    "CountryCode": "Länder-/Regionscode",
    "CountryCode.Description": "Länder-/Regionscode gemäß ISO 3166-1",
    "Language": "Sprache",
    "LanguageCode": "Sprachencode",
    "LanguageCode.Description": "Sprachencode gemäß ISO 639-1",
    "UserID": "Benutzer-ID",
    "Name": "Name",
    "Description": "Beschreibung",
    "UserID.Description": "Die eindeutige ID eines Benutzers",
    "Draft_DraftAdministrativeData": "Verwaltungsdaten des Entwurfs",
    "Draft_DraftUUID": "Entwurf (technische ID)",
    "Draft_CreationDateTime": "Entwurf angelegt am",
    "Draft_CreatedByUser": "Entwurf angelegt von",
    "Draft_DraftIsCreatedByMe": "Entwurf angelegt von mir",
    "Draft_LastChangeDateTime": "Entwurf zuletzt geändert am",
    "Draft_LastChangedByUser": "Entwurf zuletzt geändert von",
    "Draft_InProcessByUser": "Entwurf in Bearbeitung durch",
    "Draft_DraftIsProcessedByMe": "Entwurf in Bearbeitung durch mich"
  },
  "en": {
    "CreatedBy": "Created By",
    "CreatedAt": "Created On",
    "ChangedBy": "Changed By",
    "ChangedAt": "Changed On",
    "Currency": "Currency",
    "CurrencyCode": "Currency Code",
    "CurrencyCode.Description": "Currency code as specified by ISO 4217",
    "CurrencySymbol": "Currency Symbol",
    "CurrencyMinorUnit": "Currency Minor Unit Fractions",
    "Country": "Country/Region",
    "CountryCode": "Country/Region Code",
    "CountryCode.Description": "Country/region code as specified by ISO 3166-1",
    "Language": "Language",
    "LanguageCode": "Language Code",
    "LanguageCode.Description": "Language code as specified by ISO 639-1",
    "UserID": "User ID",
    "Name": "Name",
    "Description": "Description",
    "UserID.Description": "User's unique ID",
    "Draft_DraftAdministrativeData": "Draft Administrative Data",
    "Draft_DraftUUID": "Draft (Technical ID)",
    "Draft_CreationDateTime": "Draft Created On",
    "Draft_CreatedByUser": "Draft Created By",
    "Draft_DraftIsCreatedByMe": "Draft Created By Me",
    "Draft_LastChangeDateTime": "Draft Last Changed On",
    "Draft_LastChangedByUser": "Draft Last Changed By",
    "Draft_InProcessByUser": "Draft In Process By",
    "Draft_DraftIsProcessedByMe": "Draft In Process By Me"
  },
  "es": {
    "CreatedBy": "Creado por",
    "CreatedAt": "Fecha de creación",
    "ChangedBy": "Modificado por",
    "ChangedAt": "Modificado el",
    "Currency": "Moneda",
    "CurrencyCode": "Código de moneda",
    "CurrencyCode.Description": "Código de moneda según especificado por ISO 4217",
    "CurrencySymbol": "Símbolo de moneda",
    "CurrencyMinorUnit": "Currency Minor Unit Fractions",
    "Country": "País/Región",
    "CountryCode": "Código de país/región",
    "CountryCode.Description": "Código de país/región según especificado por ISO 3166-1",
    "Language": "Idioma",
    "LanguageCode": "Código de idioma",
    "LanguageCode.Description": "Código de idioma según especificado por ISO 639-1",
    "UserID": "ID de usuario",
    "Name": "Nombre",
    "Description": "Descripción",
    "UserID.Description": "ID único de usuario",
    "Draft_DraftAdministrativeData": "Datos administrativos en borrador",
    "Draft_DraftUUID": "Borrador (ID técnico)",
    "Draft_CreationDateTime": "Borrador creado el",
    "Draft_CreatedByUser": "Borrador creado por",
    "Draft_DraftIsCreatedByMe": "Borrador creado por mí",
    "Draft_LastChangeDateTime": "Fecha del último cambio en borrador",
    "Draft_LastChangedByUser": "Autor del último cambio en borrador",
    "Draft_InProcessByUser": "Borrador en proceso por",
    "Draft_DraftIsProcessedByMe": "Borrador en proceso por mí"
  },
  "fi": {
    "CreatedBy": "Tekijä",
    "CreatedAt": "Luontipäivämäärä",
    "ChangedBy": "Muuttaja",
    "ChangedAt": "Muutospäivämäärä",
    "Currency": "Valuutta",
    "CurrencyCode": "Valuuttakoodi",
    "CurrencyCode.Description": "ISO 4217:n mukainen valuuttakoodi",
    "CurrencySymbol": "Valuuttatunnus",
    "CurrencyMinorUnit": "Currency Minor Unit Fractions",
    "Country": "Maa/alue",
    "CountryCode": "Maa-/aluekoodi",
    "CountryCode.Description": "ISO 3166-1:n mukainen maa-/aluekoodi",
    "Language": "Kieli",
    "LanguageCode": "Kielikoodi",
    "LanguageCode.Description": "ISO 639-1:n mukainen kielikoodi",
    "UserID": "Käyttäjätunnus",
    "Name": "Nimi",
    "Description": "Kuvaus",
    "UserID.Description": "Käyttäjän yksiselitteinen tunnus",
    "Draft_DraftAdministrativeData": "Luonnoksen hallintatiedot",
    "Draft_DraftUUID": "Luonnos (tekninen tunnus)",
    "Draft_CreationDateTime": "Luonnos luotu",
    "Draft_CreatedByUser": "Luonnoksen tekijä",
    "Draft_DraftIsCreatedByMe": "Luonnos minun tekemäni",
    "Draft_LastChangeDateTime": "Luonnosta muutettu viimeksi",
    "Draft_LastChangedByUser": "Luonnoksen viimeisin muuttaja",
    "Draft_InProcessByUser": "Luonnos käsiteltävänä -",
    "Draft_DraftIsProcessedByMe": "Luonnos minun käsiteltävänäni"
  },
  "fr": {
    "CreatedBy": "Auteur de la création",
    "CreatedAt": "Date de création",
    "ChangedBy": "Auteur de la modification",
    "ChangedAt": "Date de modification",
    "Currency": "Devise",
    "CurrencyCode": "Code de devise",
    "CurrencyCode.Description": "Code de devise tel qu'indiqué par ISO 4217",
    "CurrencySymbol": "Symbole de devise",
    "CurrencyMinorUnit": "Currency Minor Unit Fractions",
    "Country": "Pays/Région",
    "CountryCode": "Code pays/région",
    "CountryCode.Description": "Code pays/région tel qu'indiqué par ISO 3166-1",
    "Language": "Langue",
    "LanguageCode": "Code langue",
    "LanguageCode.Description": "Code langue tel qu'indiqué par ISO 639-1",
    "UserID": "ID utilisateur",
    "Name": "Nom",
    "Description": "Description",
    "UserID.Description": "ID unique de l'utilisateur",
    "Draft_DraftAdministrativeData": "Données administratives préliminaires",
    "Draft_DraftUUID": "Version préliminaire (ID technique)",
    "Draft_CreationDateTime": "Version préliminaire créée le",
    "Draft_CreatedByUser": "Version préliminaire créée par",
    "Draft_DraftIsCreatedByMe": "Version préliminaire créée par moi",
    "Draft_LastChangeDateTime": "Dernière modification de la version préliminaire le",
    "Draft_LastChangedByUser": "Dernière modification de la version préliminaire par",
    "Draft_InProcessByUser": "Version préliminaire en cours de traitement par",
    "Draft_DraftIsProcessedByMe": "Version préliminaire en cours de traitement par moi"
  },
  "hu": {
    "CreatedBy": "Létrehozó:",
    "CreatedAt": "Létrehozás dátuma",
    "ChangedBy": "Módosító",
    "ChangedAt": "Módosítás dátuma",
    "Currency": "Pénznem",
    "CurrencyCode": "Pénznem kódja",
    "CurrencyCode.Description": "Pénznem kódja ISO 4217 szerint",
    "CurrencySymbol": "Pénznem szimbóluma",
    "CurrencyMinorUnit": "Currency Minor Unit Fractions",
    "Country": "Ország/régió",
    "CountryCode": "Ország/régió kódja",
    "CountryCode.Description": "Ország/régió kódja ISO 3166-1 szerint",
    "Language": "Nyelv",
    "LanguageCode": "Nyelvkód",
    "LanguageCode.Description": "Pénznem kódja ISO 639-1 szerint",
    "UserID": "Felhasználóazonosító",
    "Name": "Név",
    "Description": "Leírás",
    "UserID.Description": "Felhasználó egyedi azonosítója",
    "Draft_DraftAdministrativeData": "Adminisztrációs adatok - tervezet",
    "Draft_DraftUUID": "Tervezet (műszaki azonosító)",
    "Draft_CreationDateTime": "Tervezet létrehozásának dátuma",
    "Draft_CreatedByUser": "Tervezet létrehozója",
    "Draft_DraftIsCreatedByMe": "Általam létrehozott tervezet",
    "Draft_LastChangeDateTime": "Tervezet utolsó módosításának dátuma",
    "Draft_LastChangedByUser": "Tervezet utolsó módosítója",
    "Draft_InProcessByUser": "Tervezet feldolgozás alatt, feldolgozó neve",
    "Draft_DraftIsProcessedByMe": "Tervezet feldolgozás alatt általam"
  },
  "it": {
    "CreatedBy": "Autore creazione",
    "CreatedAt": "Data di creazione",
    "ChangedBy": "Autore modifica",
    "ChangedAt": "Data di modifica",
    "Currency": "Divisa",
    "CurrencyCode": "Codice divisa",
    "CurrencyCode.Description": "Codice divisa come indicato da ISO 4217",
    "CurrencySymbol": "Simbolo divisa",
    "CurrencyMinorUnit": "Currency Minor Unit Fractions",
    "Country": "Paese/regione",
    "CountryCode": "Codice paese/regione",
    "CountryCode.Description": "Codice paese/regione come indicato nell'ISO 3166-1",
    "Language": "Lingua",
    "LanguageCode": "Codice lingua",
    "LanguageCode.Description": "Codice lingua come indicato da ISO 639-1",
    "UserID": "ID utente",
    "Name": "Nome",
    "Description": "Descrizione",
    "UserID.Description": "ID univoco utente",
    "Draft_DraftAdministrativeData": "Dati amministrativi bozza",
    "Draft_DraftUUID": "Bozza (ID tecnico)",
    "Draft_CreationDateTime": "Data di creazione bozza",
    "Draft_CreatedByUser": "Autore creazione bozza",
    "Draft_DraftIsCreatedByMe": "Bozza creata da me",
    "Draft_LastChangeDateTime": "Ultima modifica bozza",
    "Draft_LastChangedByUser": "Autore dell'ultima modifica bozza",
    "Draft_InProcessByUser": "Bozza attualmente elaborata da",
    "Draft_DraftIsProcessedByMe": "Bozza attualmente elaborata da me"
  },
  "ja": {
    "CreatedBy": "登録者",
    "CreatedAt": "作成時間",
    "ChangedBy": "変更者",
    "ChangedAt": "変更日付",
    "Currency": "通貨",
    "CurrencyCode": "通貨コード",
    "CurrencyCode.Description": "ISO 4217 で指定されている通貨コード",
    "CurrencySymbol": "通貨シンボル",
    "CurrencyMinorUnit": "Currency Minor Unit Fractions",
    "Country": "国/地域",
    "CountryCode": "国/地域コード",
    "CountryCode.Description": "ISO 3166-1 で指定されている国/地域コード",
    "Language": "言語",
    "LanguageCode": "言語コード",
    "LanguageCode.Description": "ISO 639-1 で指定されている言語コード",
    "UserID": "ユーザ ID",
    "Name": "名前",
    "Description": "説明",
    "UserID.Description": "ユーザの一意の ID",
    "Draft_DraftAdministrativeData": "ドラフト管理データ",
    "Draft_DraftUUID": "ドラフト (技術 ID)",
    "Draft_CreationDateTime": "ドラフト作成日付",
    "Draft_CreatedByUser": "ドラフト作成者",
    "Draft_DraftIsCreatedByMe": "自分が作成したドラフト",
    "Draft_LastChangeDateTime": "ドラフト最終変更日付",
    "Draft_LastChangedByUser": "ドラフト最終変更者",
    "Draft_InProcessByUser": "処理中ドラフトの処理者",
    "Draft_DraftIsProcessedByMe": "自分が処理しているドラフト"
  },
  "ko": {
    "CreatedBy": "생성자",
    "CreatedAt": "생성일",
    "ChangedBy": "변경자",
    "ChangedAt": "변경일",
    "Currency": "통화",
    "CurrencyCode": "통화 코드",
    "CurrencyCode.Description": "ISO 4217에서 지정한 통화 코드",
    "CurrencySymbol": "통화 기호",
    "CurrencyMinorUnit": "Currency Minor Unit Fractions",
    "Country": "국가/지역",
    "CountryCode": "국가/지역 코드",
    "CountryCode.Description": "ISO 3166-1에서 지정한 국가/지역 코드",
    "Language": "언어",
    "LanguageCode": "언어 코드",
    "LanguageCode.Description": "ISO 639-1에서 지정한 언어 코드",
    "UserID": "사용자 ID",
    "Name": "이름",
    "Description": "내역",
    "UserID.Description": "사용자 고유 ID",
    "Draft_DraftAdministrativeData": "드래프트 관리 데이터",
    "Draft_DraftUUID": "드래프트(기술 ID)",
    "Draft_CreationDateTime": "드래프트 생성일",
    "Draft_CreatedByUser": "드래프트 생성자",
    "Draft_DraftIsCreatedByMe": "내가 생성한 드래프트",
    "Draft_LastChangeDateTime": "드래프트 최종 변경일",
    "Draft_LastChangedByUser": "드래프트 최종 변경자",
    "Draft_InProcessByUser": "드래프트 처리 중인 사용자",
    "Draft_DraftIsProcessedByMe": "내가 처리 중인 드래프트"
  },
  "ms": {
    "CreatedBy": "Dicipta oleh",
    "CreatedAt": "Dicipta pada",
    "ChangedBy": "Diubah oleh",
    "ChangedAt": "Diubah pada",
    "Currency": "Mata Wang",
    "CurrencyCode": "Kod Mata Wang",
    "CurrencyCode.Description": "Kod mata wang seperti yang dinyatakan dalam ISO 4217",
    "CurrencySymbol": "Simbol Mata Wang",
    "CurrencyMinorUnit": "Currency Minor Unit Fractions",
    "Country": "Negara/Wilayah",
    "CountryCode": "Kod Negara/Wilayah",
    "CountryCode.Description": "Kod negara/wilayah seperti yang dinyatakan dalam ISO 3166-1",
    "Language": "Bahasa",
    "LanguageCode": "Kod Bahasa",
    "LanguageCode.Description": "Kod bahasa seperti yang dinyatakan dalam ISO 639-1",
    "UserID": "ID Pengguna",
    "Name": "Nama",
    "Description": "Perihalan",
    "UserID.Description": "ID unik pengguna",
    "Draft_DraftAdministrativeData": "Data Pentadbiran Draf",
    "Draft_DraftUUID": "Draf (ID Teknikal)",
    "Draft_CreationDateTime": "Draf Dicipta pada",
    "Draft_CreatedByUser": "Draf Dicipta oleh",
    "Draft_DraftIsCreatedByMe": "Draf Dicipta oleh Saya",
    "Draft_LastChangeDateTime": "Draf Terakhir Diubah pada",
    "Draft_LastChangedByUser": "Draf Terakhir Diubah oleh",
    "Draft_InProcessByUser": "Draf Sedang Diproses oleh",
    "Draft_DraftIsProcessedByMe": "Draf Sedang Diproses oleh Saya"
  },
  "nl": {
    "CreatedBy": "Gecreëerd door",
    "CreatedAt": "Gecreëerd op",
    "ChangedBy": "Gewijzigd door",
    "ChangedAt": "Gewijzigd op",
    "Currency": "Valuta",
    "CurrencyCode": "Valutacode",
    "CurrencyCode.Description": "Valutacode zoals gespecificeerd door ISO 4217",
    "CurrencySymbol": "Valutasymbool",
    "CurrencyMinorUnit": "Currency Minor Unit Fractions",
    "Country": "Land/regio",
    "CountryCode": "Land-/regiocode",
    "CountryCode.Description": "Land-/regiocode zoals gespecificeerd door ISO 3166-1",
    "Language": "Taal",
    "LanguageCode": "Taalcode",
    "LanguageCode.Description": "Taalcode zoals gespecificeerd door ISO 639-1",
    "UserID": "Gebruikers-ID",
    "Name": "Naam",
    "Description": "Omschrijving",
    "UserID.Description": "Unieke ID van gebruiker",
    "Draft_DraftAdministrativeData": "Conceptbeheergegevens",
    "Draft_DraftUUID": "Concept (technische ID)",
    "Draft_CreationDateTime": "Concept gecreëerd op",
    "Draft_CreatedByUser": "Concept gecreëerd door",
    "Draft_DraftIsCreatedByMe": "Concept gecreëerd door mij",
    "Draft_LastChangeDateTime": "Concept laatst gewijzigd op",
    "Draft_LastChangedByUser": "Concept laatst gewijzigd door",
    "Draft_InProcessByUser": "Concept wordt bewerkt door",
    "Draft_DraftIsProcessedByMe": "Concept wordt bewerkt door mij"
  },
  "no": {
    "CreatedBy": "Opprettet av",
    "CreatedAt": "Opprettet den",
    "ChangedBy": "Endret av",
    "ChangedAt": "Endret den",
    "Currency": "Valuta",
    "CurrencyCode": "Valutakode",
    "CurrencyCode.Description": "Valutakode som definert i ISO 4217",
    "CurrencySymbol": "Valutasymbol",
    "CurrencyMinorUnit": "Currency Minor Unit Fractions",
    "Country": "Land/region",
    "CountryCode": "Land-/regionskode",
    "CountryCode.Description": "Land-/regionskode som definert i ISO 3166-1",
    "Language": "Språk",
    "LanguageCode": "Språkkode",
    "LanguageCode.Description": "Språkkode som definert i ISO 639-1",
    "UserID": "Bruker-ID",
    "Name": "Navn",
    "Description": "Beskrivelse",
    "UserID.Description": "Brukerens unike ID",
    "Draft_DraftAdministrativeData": "Administrative data for utkast",
    "Draft_DraftUUID": "Utkast (teknisk ID)",
    "Draft_CreationDateTime": "Utkast opprettet den",
    "Draft_CreatedByUser": "Utkast opprettet av",
    "Draft_DraftIsCreatedByMe": "Utkast opprettet av meg",
    "Draft_LastChangeDateTime": "Utkast sist endret den",
    "Draft_LastChangedByUser": "Utkast sist endret av",
    "Draft_InProcessByUser": "Utkast under behandling av",
    "Draft_DraftIsProcessedByMe": "Utkast under behandling av meg"
  },
  "pl": {
    "CreatedBy": "Utworzone przez",
    "CreatedAt": "Utworzono dnia",
    "ChangedBy": "Zmienione przez",
    "ChangedAt": "Zmieniono dnia",
    "Currency": "Waluta",
    "CurrencyCode": "Kod waluty",
    "CurrencyCode.Description": "Kod waluty określony zgodnie z normą ISO 4217",
    "CurrencySymbol": "Symbol waluty",
    "CurrencyMinorUnit": "Currency Minor Unit Fractions",
    "Country": "Kraj/region",
    "CountryCode": "Kod kraju/regionu",
    "CountryCode.Description": "Kod kraju/regionu zgodny z normą ISO 3166-1",
    "Language": "Język",
    "LanguageCode": "Kod języka",
    "LanguageCode.Description": "Kod języka określony zgodnie z normą ISO 639-1",
    "UserID": "Identyfikator użytkownika",
    "Name": "Nazwa",
    "Description": "Opis",
    "UserID.Description": "Unikalny identyfikator użytkownika",
    "Draft_DraftAdministrativeData": "Dane administracyjne wersji roboczej",
    "Draft_DraftUUID": "Wersja robocza (identyfikator techniczny)",
    "Draft_CreationDateTime": "Wersja robocza utworzona dnia",
    "Draft_CreatedByUser": "Wersja robocza utworzona przez",
    "Draft_DraftIsCreatedByMe": "Wersja robocza utworzona przeze mnie",
    "Draft_LastChangeDateTime": "Wersja robocza ostatnio zmieniona dnia",
    "Draft_LastChangedByUser": "Wersja robocza ostatnio zmieniona przez",
    "Draft_InProcessByUser": "Wersja robocza w przetwarzaniu przez",
    "Draft_DraftIsProcessedByMe": "Wersja robocza w przetwarzaniu przeze mnie"
  },
  "pt": {
    "CreatedBy": "Criado por",
    "CreatedAt": "Criado em",
    "ChangedBy": "Modificado por",
    "ChangedAt": "Modificado em",
    "Currency": "Moeda",
    "CurrencyCode": "Código de moeda",
    "CurrencyCode.Description": "Código de moeda como especificado pelo ISO 4217",
    "CurrencySymbol": "Símbolo da moeda",
    "CurrencyMinorUnit": "Currency Minor Unit Fractions",
    "Country": "País/região",
    "CountryCode": "Código do país/região",
    "CountryCode.Description": "Código do país/região como especificado pelo ISO 3166-1",
    "Language": "Idioma",
    "LanguageCode": "Código de idioma",
    "LanguageCode.Description": "Código de idioma como especificado pelo ISO 639-1",
    "UserID": "ID do usuário",
    "Name": "Nome",
    "Description": "Descrição",
    "UserID.Description": "ID exclusivo do usuário",
    "Draft_DraftAdministrativeData": "Dados administrativos de rascunho",
    "Draft_DraftUUID": "Rascunho (ID técnico)",
    "Draft_CreationDateTime": "Rascunho criado em",
    "Draft_CreatedByUser": "Rascunho criado por",
    "Draft_DraftIsCreatedByMe": "Rascunho criado por mim",
    "Draft_LastChangeDateTime": "Última modificação do rascunho em",
    "Draft_LastChangedByUser": "Última modificação do rascunho por",
    "Draft_InProcessByUser": "Rascunho sendo processado por",
    "Draft_DraftIsProcessedByMe": "Rascunho sendo processado por mim"
  },
  "ro": {
    "CreatedBy": "Creat de",
    "CreatedAt": "Creat pe",
    "ChangedBy": "Modificat de",
    "ChangedAt": "Modificat pe",
    "Currency": "Monedă",
    "CurrencyCode": "Cod monedă",
    "CurrencyCode.Description": "Cod monedă așa cum este specificat de ISO 4217",
    "CurrencySymbol": "Simbol monedă",
    "CurrencyMinorUnit": "Currency Minor Unit Fractions",
    "Country": "Țară/regiune",
    "CountryCode": "Cod de țară/regiune",
    "CountryCode.Description": "Cod de țară/regiune așa cum este specificat de ISO 3166-1",
    "Language": "Limbă",
    "LanguageCode": "Cod de limbă",
    "LanguageCode.Description": "Cod de limbă așa cum este specificat de ISO 639-1",
    "UserID": "ID utilizator",
    "Name": "Nume",
    "Description": "Descriere",
    "UserID.Description": "ID unic utilizator",
    "Draft_DraftAdministrativeData": "Date de administrare în versiune preliminară",
    "Draft_DraftUUID": "Versiune preliminară (ID tehnic)",
    "Draft_CreationDateTime": "Versiune preliminară creată pe",
    "Draft_CreatedByUser": "Versiune preliminară creată de",
    "Draft_DraftIsCreatedByMe": "Versiune preliminară creată de mine",
    "Draft_LastChangeDateTime": "Versiune preliminară modificată ultima dată pe",
    "Draft_LastChangedByUser": "Versiune preliminară modificată ultima dată de",
    "Draft_InProcessByUser": "Versiune preliminară în prelucrare de",
    "Draft_DraftIsProcessedByMe": "Versiune preliminară în prelucrare de mine"
  },
  "ru": {
    "CreatedBy": "Создал",
    "CreatedAt": "Дата создания",
    "ChangedBy": "Автор изменения",
    "ChangedAt": "Дата изменения",
    "Currency": "Валюта",
    "CurrencyCode": "Код валюты",
    "CurrencyCode.Description": "Код валюты в соответствии с ISO 4217",
    "CurrencySymbol": "Символ валюты",
    "CurrencyMinorUnit": "Currency Minor Unit Fractions",
    "Country": "Страна/регион",
    "CountryCode": "Код страны/региона",
    "CountryCode.Description": "Код страны/региона в соответствии с ISO 3166-1",
    "Language": "Язык",
    "LanguageCode": "Код языка",
    "LanguageCode.Description": "Код языка в соответствии с ISO 639-1",
    "UserID": "Ид. пользователя",
    "Name": "Имя",
    "Description": "Описание",
    "UserID.Description": "Уникальный ид. пользователя",
    "Draft_DraftAdministrativeData": "Черновик административных данных",
    "Draft_DraftUUID": "Черновик (технический ид.)",
    "Draft_CreationDateTime": "Дата создания черновика",
    "Draft_CreatedByUser": "Создал черновик",
    "Draft_DraftIsCreatedByMe": "Черновик создан мной",
    "Draft_LastChangeDateTime": "Дата последнего изменения черновика",
    "Draft_LastChangedByUser": "Изменил черновик",
    "Draft_InProcessByUser": "Обрабатывает черновик",
    "Draft_DraftIsProcessedByMe": "Черновик обрабатывается мной"
  },
  "sv": {
    "CreatedBy": "Uppläggning av",
    "CreatedAt": "Uppläggning den",
    "ChangedBy": "Ändring av",
    "ChangedAt": "Ändring den",
    "Currency": "Valuta",
    "CurrencyCode": "Valutakod",
    "CurrencyCode.Description": "Valutakod enligt ISO 4217",
    "CurrencySymbol": "Valutasymbol",
    "CurrencyMinorUnit": "Currency Minor Unit Fractions",
    "Country": "Land/region",
    "CountryCode": "Kod för land/region",
    "CountryCode.Description": "Kod för land/region enligt ISO 3166-1",
    "Language": "Språk",
    "LanguageCode": "Språkkod",
    "LanguageCode.Description": "Språkkod enligt ISO 639-1",
    "UserID": "Användar-ID",
    "Name": "Namn",
    "Description": "Beskrivning",
    "UserID.Description": "Unik användar-ID",
    "Draft_DraftAdministrativeData": "Utkast för administrativa data",
    "Draft_DraftUUID": "Utkast (teknisk ID)",
    "Draft_CreationDateTime": "Utkast skapat den",
    "Draft_CreatedByUser": "Utkast skapat av",
    "Draft_DraftIsCreatedByMe": "Utkast skapat av mig",
    "Draft_LastChangeDateTime": "Senaste utkaständring den",
    "Draft_LastChangedByUser": "Senaste utkaständring av",
    "Draft_InProcessByUser": "Utkast under bearbetning av",
    "Draft_DraftIsProcessedByMe": "Utkast under bearbetning av mig"
  },
  "th": {
    "CreatedBy": "สร้างโดย",
    "CreatedAt": "สร้างเมื่อ",
    "ChangedBy": "เปลี่ยนแปลงโดย",
    "ChangedAt": "เปลี่ยนแปลงเมื่อ",
    "Currency": "สกุลเงิน",
    "CurrencyCode": "รหัสสกุลเงิน",
    "CurrencyCode.Description": "รหัสสกุลเงินตามที่ระบุใน ISO 4217",
    "CurrencySymbol": "สัญลักษณ์สกุลเงิน",
    "CurrencyMinorUnit": "Currency Minor Unit Fractions",
    "Country": "ประเทศ/ภูมิภาค",
    "CountryCode": "รหัสประเทศ/ภูมิภาค",
    "CountryCode.Description": "รหัสประเทศ/ภูมิภาคตามที่ระบุใน ISO 3166-1",
    "Language": "ภาษา",
    "LanguageCode": "รหัสภาษา",
    "LanguageCode.Description": "รหัสภาษาตามที่ระบุใน ISO 639-1",
    "UserID": "ID ผู้ใช้",
    "Name": "ชื่อ",
    "Description": "คำอธิบาย",
    "UserID.Description": "ID ที่ไม่ซ้ำของผู้ใช้",
    "Draft_DraftAdministrativeData": "ข้อมูลด้านการบริหารสำหรับแบบร่าง",
    "Draft_DraftUUID": "แบบร่าง (ID ทางเทคนิค)",
    "Draft_CreationDateTime": "สร้างแบบร่างเมื่อ",
    "Draft_CreatedByUser": "สร้างแบบร่างโดย",
    "Draft_DraftIsCreatedByMe": "แบบร่างที่ฉันสร้างขึ้น",
    "Draft_LastChangeDateTime": "เปลี่ยนแปลงแบบร่างครั้งล่าสุดเมื่อ",
    "Draft_LastChangedByUser": "เปลี่ยนแปลงแบบร่างครั้งล่าสุดโดย",
    "Draft_InProcessByUser": "แบบร่างอยู่ระหว่างดำเนินการโดย",
    "Draft_DraftIsProcessedByMe": "แบบร่างที่ฉันกำลังดำเนินการ"
  },
  "tr": {
    "CreatedBy": "Oluşturan",
    "CreatedAt": "Oluşturma tarihi",
    "ChangedBy": "Değiştiren",
    "ChangedAt": "Değişiklik tarihi",
    "Currency": "Para birimi",
    "CurrencyCode": "Para birimi kodu",
    "CurrencyCode.Description": "ISO 4217'ye göre belirtilen para birimi kodu",
    "CurrencySymbol": "Para birimi sembolü",
    "CurrencyMinorUnit": "Currency Minor Unit Fractions",
    "Country": "Ülke/bölge",
    "CountryCode": "Ülke/bölge kodu",
    "CountryCode.Description": "ISO 3166-1'e göre belirtilen ülke/bölge kodu",
    "Language": "Dil",
    "LanguageCode": "Dil kodu",
    "LanguageCode.Description": "ISO 639-1'e göre belirtilen dil kodu",
    "UserID": "Kullanıcı tanıtıcısı",
    "Name": "Ad",
    "Description": "Tanım",
    "UserID.Description": "Kullanıcının benzersiz tanıtıcısı",
    "Draft_DraftAdministrativeData": "Taslak yönetim verileri",
    "Draft_DraftUUID": "Taslak (teknik tanıtıcı)",
    "Draft_CreationDateTime": "Taslak oluşturma tarihi",
    "Draft_CreatedByUser": "Taslağı oluşturan",
    "Draft_DraftIsCreatedByMe": "Tarafımdan oluşturulan taslak",
    "Draft_LastChangeDateTime": "Taslağın son değişiklik tarihi",
    "Draft_LastChangedByUser": "Taslağı son değiştiren",
    "Draft_InProcessByUser": "Taslağı işleyen",
    "Draft_DraftIsProcessedByMe": "Tarafımdan işlenen taslak"
  },
  "zh_CN": {
    "CreatedBy": "创建者",
    "CreatedAt": "创建日期",
    "ChangedBy": "更改者",
    "ChangedAt": "更改日期",
    "Currency": "货币",
    "CurrencyCode": "货币代码",
    "CurrencyCode.Description": "ISO 4217 指定的货币代码",
    "CurrencySymbol": "货币符号",
    "CurrencyMinorUnit": "Currency Minor Unit Fractions",
    "Country": "国家/地区",
    "CountryCode": "国家/地区代码",
    "CountryCode.Description": "ISO 3166-1 指定的国家/地区代码",
    "Language": "语言",
    "LanguageCode": "语言代码",
    "LanguageCode.Description": "ISO 639-1 指定的语言代码",
    "UserID": "用户标识",
    "Name": "名称",
    "Description": "描述",
    "UserID.Description": "用户的唯一标识",
    "Draft_DraftAdministrativeData": "草稿管理数据",
    "Draft_DraftUUID": "草稿（技术标识）",
    "Draft_CreationDateTime": "草稿创建日期",
    "Draft_CreatedByUser": "草稿创建人",
    "Draft_DraftIsCreatedByMe": "草稿由我创建",
    "Draft_LastChangeDateTime": "草稿上次更改日期",
    "Draft_LastChangedByUser": "草稿上次更改者",
    "Draft_InProcessByUser": "正在处理草稿者",
    "Draft_DraftIsProcessedByMe": "草稿正在由我处理"
  },
  "zh_TW": {
    "CreatedBy": "建立者",
    "CreatedAt": "建立日期",
    "ChangedBy": "更改者",
    "ChangedAt": "更改日期",
    "Currency": "幣別",
    "CurrencyCode": "幣別代碼",
    "CurrencyCode.Description": "已按 ISO 4217 指定公司代碼",
    "CurrencySymbol": "幣別符號",
    "CurrencyMinorUnit": "Currency Minor Unit Fractions",
    "Country": "國家/地區",
    "CountryCode": "國家/地區代碼",
    "CountryCode.Description": "已按 ISO 3166-1 指定國家/地區代碼",
    "Language": "語言",
    "LanguageCode": "語言代碼",
    "LanguageCode.Description": "已按 ISO 639-1 指定公司代碼",
    "UserID": "使用者 ID",
    "Name": "名稱",
    "Description": "說明",
    "UserID.Description": "使用者專屬 ID",
    "Draft_DraftAdministrativeData": "草稿管理資料",
    "Draft_DraftUUID": "草稿 (技術 ID)",
    "Draft_CreationDateTime": "草稿建立日期",
    "Draft_CreatedByUser": "草稿建立者",
    "Draft_DraftIsCreatedByMe": "我所建立的草稿",
    "Draft_LastChangeDateTime": "草稿的上次更改日期",
    "Draft_LastChangedByUser": "草稿的上次更改者",
    "Draft_InProcessByUser": "正在處理草稿的人員",
    "Draft_DraftIsProcessedByMe": "我正在處理的草稿"
  },
  "": {
    "CreatedBy": "Created By",
    "CreatedAt": "Created On",
    "ChangedBy": "Changed By",
    "ChangedAt": "Changed On",
    "Currency": "Currency",
    "CurrencyCode": "Currency Code",
    "CurrencyCode.Description": "A currency code as specified in ISO 4217",
    "CurrencySymbol": "Currency Symbol",
    "CurrencyMinorUnit": "Currency Minor Unit Fractions",
    "Country": "Country/Region",
    "CountryCode": "Country/Region Code",
    "CountryCode.Description": "A country/region code as specified in ISO 3166-1",
    "Language": "Language",
    "LanguageCode": "Language Code",
    "LanguageCode.Description": "A language code as specified in ISO 639-1",
    "UserID": "User ID",
    "Name": "Name",
    "Description": "Description",
    "UserID.Description": "A user's unique ID",
    "Draft_DraftAdministrativeData": "Draft Administrative Data",
    "Draft_DraftUUID": "Draft (Technical ID)",
    "Draft_CreationDateTime": "Draft Created On",
    "Draft_CreatedByUser": "Draft Created By",
    "Draft_DraftIsCreatedByMe": "Draft Created By Me",
    "Draft_LastChangeDateTime": "Draft Last Changed On",
    "Draft_LastChangedByUser": "Draft Last Changed By",
    "Draft_InProcessByUser": "Draft In Process By",
    "Draft_DraftIsProcessedByMe": "Draft In Process By Me"
  }
}